"purchase_date","Chemists & Drgustores","Clothing","DIY Goods","Eletrical Goods","Food & Consumables","Furniture & Carpets","Garden Products","Household & Textiles","Music, Films & Books","Services","Sports Equipments","Total Sales"
2016-09-04,NA,NA,NA,NA,NA,272.46,NA,NA,NA,NA,NA,272.46
2016-10-03,NA,86.41,NA,NA,NA,225.73,NA,154.57,NA,NA,92.82,559.53
2016-10-04,2995.02,NA,228.42,3551.67,NA,2106.33,196.27,2367.67,NA,NA,798.17,12309.05
2016-10-05,853.81,105.49,NA,3074.56,NA,1266.06,NA,3091.9,299.84,836.92,818.12,10691.14
2016-10-06,2318.44,1540.45,341.99,1233.97,NA,372.54,156.22,1900.93,NA,501.38,206.49,8572.41
2016-10-07,1912.31,NA,765,1159.34,NA,876.55,611.56,2062.29,147.08,185.77,160.44,7880.34
2016-10-08,2418.33,2158.74,NA,1292.26,NA,3272.25,82.08,649.97,NA,207.22,91.38,10202.65
2016-10-09,359.54,105.19,NA,51.05,NA,1357.9,419.06,1237.45,144.54,NA,135.85,3810.58
2016-10-10,599.93,121.54,NA,531.99,96.23,1655.91,NA,732.21,35.95,532.14,187.49,4493.39
2016-12-23,NA,19.62,NA,NA,NA,NA,NA,NA,NA,NA,NA,19.62
2017-01-05,NA,176.58,NA,NA,NA,148.76,91.92,252.77,37.24,NA,NA,707.27
2017-01-06,666.71,NA,NA,146.29,NA,NA,NA,175.28,NA,NA,NA,988.28
2017-01-07,389.43,164.21,846.52,NA,NA,47.83,NA,NA,NA,NA,NA,1447.99
2017-01-08,NA,141.37,NA,25.1,NA,301.78,256.79,84.59,NA,NA,NA,809.63
2017-01-09,130.75,NA,367.65,NA,NA,108.12,NA,16.62,NA,NA,151.37,774.51
2017-01-10,NA,719.76,191.4,NA,NA,82.19,425.07,152.75,NA,NA,NA,1571.17
2017-01-11,NA,144.07,NA,809.38,NA,28.46,1262.16,407.8,NA,NA,229.65,2881.52
2017-01-12,NA,58.74,NA,1275.33,NA,1051.05,NA,505.07,NA,NA,NA,2890.19
2017-01-13,270.57,305.44,NA,NA,NA,188.71,1263.19,603.19,NA,NA,149.62,2780.72
2017-01-14,NA,NA,NA,250.31,NA,627.16,NA,77.75,NA,NA,552.14,1507.36
2017-01-15,374.28,104.65,54.95,50.02,NA,1525.63,848.76,240.69,NA,NA,199.36,3398.34
2017-01-16,779.66,245.02,665.7,383.54,NA,509.58,NA,1140.16,NA,43.86,42.52,3810.04
2017-01-17,583.7,591.4,82.58,247.75,NA,803.11,175.85,890.33,NA,NA,488.85,4057.57
2017-01-18,676.98,204.49,NA,1128.42,NA,412.16,50.59,1902.69,NA,88.23,219.82,4683.38
2017-01-19,161.71,NA,NA,188.18,NA,2392.34,NA,1526.64,NA,87.83,744.38,5101.08
2017-01-20,602.47,124.74,1538.92,559.95,NA,781.36,121.84,1059.77,NA,NA,247.37,5449.12
2017-01-21,44.95,159.11,26.76,362.13,NA,1703.63,NA,1204.72,NA,NA,169.95,3671.25
2017-01-22,1164.69,102.15,NA,844.45,NA,801.88,413.28,682.33,NA,NA,133.09,4280.22
2017-01-23,1335.01,517.29,160.77,790.68,NA,431.38,1282.01,1789.21,NA,61.42,1333.05,7700.82
2017-01-24,1038.37,124.43,186.49,1010.46,NA,416.56,248.68,3851.79,NA,239.9,588.42,7705.1
2017-01-25,2057.75,355.15,2170.61,1134.43,NA,918.67,386.41,2422.25,NA,NA,920.28,10870.31
2017-01-26,2531.3,1788.74,931.57,1539.16,NA,2024.98,646.53,2599.49,NA,209.06,3730.67,16096.69
2017-01-27,968.21,1369.69,398.44,3183.65,33.32,2245.59,237.6,3304.89,501.88,NA,417.22,13465.27
2017-01-28,1225.7,NA,1075.89,567.84,NA,687.58,213.79,1755.88,NA,NA,280.5,5909.98
2017-01-29,1168,896.8,NA,372.8,45.5,808.79,128,3320.27,NA,NA,470.3,7318.46
2017-01-30,1900.28,69,691.99,3266.79,NA,1331.27,898.8,3870.65,NA,43,386.98,12734.75
2017-01-31,1701.07,3821.93,426.67,947.56,NA,2786.22,273.9,1820.03,223.01,91.74,837.14,13321.43
2017-02-01,1780.14,606.53,1489.06,1042.55,167.1,1718.3,207.07,1494.82,65.46,119.09,635.92,10371.42
2017-02-02,1605.02,1046.7,1535.96,2251.39,NA,1563.03,315.48,1231.5,44.01,NA,789.84,10676.54
2017-02-03,2072.23,966.97,209.49,1484.29,NA,2451.75,NA,2392.66,1317.36,NA,677.25,11911.82
2017-02-04,4103.98,647.41,398.9,663.46,NA,2276.23,505.15,1983.79,NA,NA,648.87,15876.28
2017-02-05,1927.75,630.95,136.04,459.32,NA,3865.8,321.46,2296.4,305.08,36.51,1258.21,11628.3
2017-02-06,2148.68,384.72,1591.48,1340.64,NA,994.03,59.35,2964.3,36.94,40.51,1031.12,11960.14
2017-02-07,1064.6,2681.59,564.93,2572.06,40.16,2409.2,1048.68,4563.99,127.58,51.99,2064.16,17805.31
2017-02-08,1841.41,1892.84,250.04,492.57,181.98,2764.57,491.68,4204.61,258.61,86.26,1129.66,14232.29
2017-02-09,1311.5,266.71,776.95,630.13,NA,2822.83,273.21,4162.3,123.25,NA,499.01,11079.88
2017-02-10,1316.84,1948.01,572.25,5104.57,NA,1603.82,1270.42,3997.28,NA,95.72,484.82,16458.05
2017-02-11,280.54,415.14,NA,475.01,NA,2092.75,NA,1588.02,NA,50.7,588.21,6058.06
2017-02-12,1441.78,513.67,638.1,514.23,NA,583.03,537.88,11409.8,293.2,113.87,177.17,16639.87
2017-02-13,2142.32,326.26,254.36,780.05,NA,3124.49,71.92,4685.77,92.62,38.04,1949,13816.54
2017-02-14,1448.39,294.72,678.4,2960.13,NA,3290.54,810.52,4226.3,128.31,88.23,988.75,15912.61
2017-02-15,1672.77,499.04,328.01,293.45,NA,1697.61,1353.09,1911.24,242.61,NA,268.86,8561.56
2017-02-16,782.91,251.28,238.27,811.87,365.29,1264.99,389.46,1983.73,166,504.68,710.71,7843.37
2017-02-17,75.01,516.84,227.45,1623.57,54.11,2913.85,1367.77,4078.06,NA,NA,93.22,11080.6
2017-02-18,755.52,216.51,1470.66,1219.95,NA,408.77,1097.74,3536.29,NA,124.83,232.91,10095.83
2017-02-19,357,431.34,92.77,1376.94,54.95,718.99,NA,1533.94,114.9,54.01,96.72,4831.56
2017-02-20,1402.36,155.05,640.16,1645.35,NA,1305.92,2154.26,1576.23,NA,91.79,481.86,9576.81
2017-02-21,686,59.42,NA,4424.81,NA,351.84,161.13,2392.57,NA,240.32,1187.64,9503.73
2017-02-22,1778.23,464.43,1610.12,498.42,29.84,1310.36,1289.38,1544.67,274.99,88.23,541.38,9536.24
2017-02-23,707.68,172.77,198.48,1199.01,NA,2533.53,437.7,2994.94,NA,NA,595.77,9043.96
2017-02-24,2005.38,358.94,402.22,1624.59,NA,857.89,222.8,1796.31,61.71,91.92,584.91,8090.93
2017-02-25,346.13,676.49,384.3,414.4,36.77,2004.24,147.36,890.88,NA,NA,526.42,5665.3
2017-02-26,323.37,834.7,NA,710.38,NA,1200.73,50.86,1919.18,311.01,134.94,617.47,6583.5
2017-02-27,145.72,2082.78,87.22,637.46,NA,1254.41,484.2,1196.09,NA,396.9,473.02,6790.76
2017-02-28,554.18,1037.32,1641.88,561.86,NA,1881.99,424.04,5087.75,125.44,NA,614.13,12423.25
2017-03-01,1273.33,352.53,2465.65,1466.28,187.52,2189.09,294.12,4923.7,NA,219,3564.45,21189.23
2017-03-02,929.39,481.22,680.43,1616.09,177.38,1681.56,1551.81,2335.77,136.26,NA,3168.88,13575.95
2017-03-03,909.3,448.94,1403.11,3366.57,NA,1055.14,1907.11,3894.59,412.83,248.31,260.91,14348.92
2017-03-04,1191.44,2307.73,840.12,917.56,NA,2493.93,NA,3244.84,513.51,142.12,1996,14450.44
2017-03-05,1141.47,900.71,147.05,371.29,NA,1573.53,238.65,2071.64,81.64,226.75,1232.21,8853.5
2017-03-06,1616.34,584.26,612.03,739.7,187.91,2628.62,456.85,3087.04,563.24,274.44,171.58,12662.33
2017-03-07,1757.66,1130.43,831.05,2356.03,35.04,1265.09,250.07,5366.56,113.21,344.27,271.59,13845.73
2017-03-08,1133.83,616.98,1488.28,5800.64,375.82,2130.71,414.62,3527.48,566.98,78.52,412.04,18123.94
2017-03-09,1578.29,528.01,1390.93,1347.7,34.42,2998.43,758.02,4545.28,217.59,353.12,1071.57,14885.4
2017-03-10,2788.02,1180.12,425.34,2320.81,NA,2615.4,1442.83,2344.37,382.77,NA,641.61,14444.76
2017-03-11,1003.25,1178.4,135.59,2964.92,NA,834.16,323.91,5884.06,20.95,NA,1208.49,13737.93
2017-03-12,1100.23,634.43,616.97,810.03,249.06,830.12,63.56,2221.44,295.01,NA,377.77,7777.25
2017-03-13,3305.83,2004.67,920.39,1320.3,71.46,2644.71,3363.05,4219.49,263.02,63.51,970.78,19147.21
2017-03-14,3073.53,610.68,1476.35,1187.26,132.34,1977.9,87.76,6881.08,874.95,NA,378.44,17124.56
2017-03-15,2163.16,2442.05,1473.38,2192.07,385.39,1593.7,1742.53,4243.77,55.96,NA,1430,17902.89
2017-03-16,3454.85,2685.09,420.23,2234.33,569.81,3333.28,373.91,4807.22,270.36,90.05,1223.72,19462.85
2017-03-17,1883.39,1623.69,1082.57,915.83,NA,3005.87,2093.53,3026.79,363.64,74.17,825.56,14895.04
2017-03-18,366.58,5586.56,372.69,2351.01,188.85,787.34,820.57,5666.02,NA,NA,1936.61,18110.32
2017-03-19,1970.86,830.02,406.57,453.86,376.76,1376.55,526.39,1736.12,NA,NA,NA,7728.08
2017-03-20,5109.18,1671.7,1567.81,4005.7,NA,2235.01,443.51,3030.92,NA,121.08,1488.33,20173.35
2017-03-21,1218.8,1382.9,675.26,2039.67,230.92,1090.72,128.88,3746.71,208.44,NA,2325.97,14813.61
2017-03-22,2686.53,2921.41,933.36,2010.61,NA,1602.13,346.6,4984.71,120.44,NA,621.92,16663.24
2017-03-23,2500.05,886.05,1280.77,4481.91,61.1,1158.66,2705.1,5945.72,NA,NA,810.01,24153.01
2017-03-24,772.02,803.5,903.16,1525.52,NA,2477.82,1005.03,4330.22,NA,206.44,258.82,14113.47
2017-03-25,1443.33,1461.92,432.33,2103.6,NA,2353.71,248.89,3850,NA,NA,531.26,12612.51
2017-03-26,108.81,710.43,226.79,1021.33,32.86,1747.13,478.99,2481.21,32.68,NA,810.53,7861.76
2017-03-27,1196.79,890.08,1274.48,6840.98,NA,1923.64,256.82,4685.13,607.13,91.23,1720.19,21222.09
2017-03-28,942.36,3142.98,886.85,1597.8,340.26,1017.34,594.35,4569.91,799.78,NA,857.59,15316.24
2017-03-29,794.54,1202.86,75.1,1054.09,NA,2274.89,781.35,2998.13,NA,NA,625.82,10081.94
2017-03-30,367.68,228.7,1010.94,2705.48,NA,1603.11,1163.36,2354.88,99.6,NA,786.38,11435
2017-03-31,3080.19,2983.91,NA,978.49,250.07,541.65,2426.12,3171.62,126.42,30.86,589.15,14178.48
2017-04-01,2139.78,1877.34,2518.68,840.85,NA,855.55,91.94,10002.62,NA,NA,337.08,20574.68
2017-04-02,1242.06,948.94,118.88,661.59,71.03,1455.03,266.29,6390.62,350.51,NA,446.21,12083.25
2017-04-03,1264.04,329.61,138.94,708.01,204.24,1499,430.48,3630.53,NA,2151.69,515.99,11632
2017-04-04,1622.86,955.43,1171.79,2727.81,30.95,1521.69,478.55,4570.29,103.55,NA,948.7,14988.58
2017-04-05,2304.14,2797.47,1479.8,3970.03,NA,1211.4,1279.16,4768.89,1435.58,160.74,1396.96,20849.13
2017-04-06,2675.08,1716.1,814.92,4514.86,39.51,2806.77,3486.11,7698.71,86.92,41.52,339.49,27127.9
2017-04-07,2453.74,1795.17,230.32,3336.71,NA,1455.64,1325.01,2358.06,572.9,133.59,1307.38,15226.14
2017-04-08,1019.9,2534.63,836.1,330.45,218.84,1210.13,485.8,1930.53,293.12,46.86,904.6,10770.06
2017-04-09,1326.91,1477.45,308.48,874.34,63.25,717.06,1225.74,1374.38,119.44,100.02,2579.41,10166.48
2017-04-10,1725.69,2126.46,1611.32,2042.92,NA,707.86,335.26,3770.5,202.28,NA,826.42,13587.65
2017-04-11,1106.12,936.7,1180.29,1890.55,NA,681.6,693.08,2527.46,363.85,43.51,902.32,10447.39
2017-04-12,1480.5,652.86,1472.39,585.82,24.86,1239.73,109.94,2820.78,15.86,NA,995.36,9432.61
2017-04-13,2415.53,2294.35,1007.99,350.15,112.27,2091.3,293.58,2332.52,39.95,45.04,405.12,11387.8
2017-04-14,1141.94,940.63,1547.53,567.7,NA,764.81,500.37,1948.25,NA,NA,877.75,8555.3
2017-04-15,857.73,290.36,221.14,1428.25,NA,1328.49,1332.92,2896.63,429.19,NA,161.35,9887.82
2017-04-16,711.66,617.69,115.9,497.52,129.68,600.65,701.24,2175.49,NA,NA,1382.91,6932.74
2017-04-17,2000.67,1265.55,558.36,1200.57,124.93,925.41,783.88,2024.48,191.9,NA,251.89,9472.3
2017-04-18,1286.34,703.47,990.54,1523.94,NA,2166.51,649.93,15372.89,251.13,280.03,697.04,23921.82
2017-04-19,1489.19,1516.12,876.57,1818.98,26.28,1798.32,172.82,4739.99,1154.85,43.51,786.79,14423.42
2017-04-20,1634.14,1116.2,1842.4,1503.34,NA,2523.35,1709.2,4206.03,65.14,NA,1239.27,16808.32
2017-04-21,507.38,444.65,500.67,1639.53,NA,3058,274.98,2611.88,813.3,NA,567.1,10466.44
2017-04-22,2396.99,1442.16,607.27,1599.95,NA,2087.12,770.13,3834.11,140.97,NA,2542.68,16018.33
2017-04-23,2727.51,1159.08,917.24,2488.11,NA,695.93,45.86,2699.98,260.45,120.71,695.15,11838.88
2017-04-24,2142.11,1587.01,1213.66,1384.65,NA,3425.8,397.81,4466.04,267.95,NA,1300.72,16632.3
2017-04-25,778.05,1698.75,623.2,2770.31,NA,2451.45,1343.09,4924.03,114.53,314.48,1087.09,17651.79
2017-04-26,2510.76,955.93,1073,1539.72,NA,2584.11,826.1,7880.29,301.55,202.62,1422.02,19760.09
2017-04-27,810.34,731.46,1751.62,1264.69,55.92,532.61,771.37,4184.93,93.31,624.57,909.62,11871.67
2017-04-28,1204.38,3108.23,333.97,3150.07,NA,2053.32,244.15,5229.64,447.33,NA,2224.23,18245.83
2017-04-29,2105.68,2646.32,373.23,1227.68,NA,1776.31,748.64,4967.04,39.42,412.79,831.31,15613.96
2017-04-30,1683.34,819.36,594.13,759,NA,1495.18,992.45,2467.02,NA,NA,1123.61,9934.09
2017-05-01,1885.32,1038.8,1183.24,1735.24,NA,2853.8,438.73,4521.93,407.21,NA,1090.3,16070.04
2017-05-02,2370.01,2656.87,1782.27,1933.89,NA,1169.89,1996.56,5535.63,833.94,83.69,1844.56,21081.12
2017-05-03,1636.34,350.83,936.37,1396.86,187.91,1253.37,444.13,4307.05,40.55,281.56,826,12155.48
2017-05-04,2451.24,1026.41,2656.01,2389.71,NA,995.39,1536.56,3318.67,NA,NA,1768.44,16582.86
2017-05-05,2439.42,935.64,887.67,1451.77,54.04,1952.92,591.67,5106.29,546.99,118.86,2858.6,17556.78
2017-05-06,3655.66,2029.97,1067.65,563.14,NA,1740.42,1467.39,6343.96,46.82,67.77,1722.54,19819.07
2017-05-07,777.98,2739.25,870.97,2266.52,220.4,3151.98,3108.05,3398.83,2043.06,467.81,1102.05,20944.56
2017-05-08,1882.95,1529.89,1963.38,2738.03,NA,3858.37,1325.17,4563.04,37.53,657.61,627.48,20227.15
2017-05-09,1626.18,1758.12,1327.58,7157.59,24.84,2213.21,725.24,5408.55,46.01,40.1,1029.46,24505.27
2017-05-10,2022.52,2768.62,1578.42,6937.36,NA,938.05,2433.51,5658.74,215.36,NA,1479.31,24174.95
2017-05-11,6478.82,2136.55,1046.87,4366.96,65.33,2185.51,454.38,4185.1,306.84,NA,1618.35,22971
2017-05-12,2050.06,1017.19,1255.26,2438.09,NA,2170.94,389.9,4674.13,246.22,36.77,836.34,15479.48
2017-05-13,1305.6,253.38,528.24,2405.98,NA,1914.72,409.16,3272.23,NA,NA,813.83,11015.03
2017-05-14,2700.67,3527.16,1025.05,2420.71,NA,948.29,1080.77,4208.22,591.93,566.51,961.69,18379.18
2017-05-15,2276.03,2179.19,1200.43,2084.95,174.17,5168.95,646.63,5372.11,475.12,23.85,1884.14,22186.72
2017-05-16,1581.96,4995.08,2074.02,2856.7,132.17,2265.11,544.33,5931.14,145.43,559.69,4744.03,26412.16
2017-05-17,2033.42,2474.35,982.6,3217.66,NA,2174.02,815.07,6936.17,2729.71,NA,1311.77,22674.77
2017-05-18,2998.97,5710.69,2854.26,2506.7,109.42,1554.82,884.76,4379.86,NA,146.3,1802.06,22996.93
2017-05-19,3259.7,2451.33,2467.6,5042.71,NA,3283.57,672.5,6025.05,28.01,NA,946.51,24638.26
2017-05-20,1259.21,2815,1006.67,1148.54,NA,873.27,220.54,2485.93,492.47,957.15,1331.38,12727.4
2017-05-21,3460.71,2916.44,2170.46,1222.4,109.8,1481.61,289.95,6802.21,345.84,250.43,1470.62,20877.55
2017-05-22,6130.5,818.54,2034.18,4005.86,34.66,2433.02,2182.35,5625.7,915,497.54,4834.96,30140.72
2017-05-23,3270.81,2797.31,1169.4,2364.51,NA,1799.6,509.56,5977.59,1925.81,NA,1193.3,21507.18
2017-05-24,1522.19,4637.56,9763.8,3132.05,46.44,1719.46,736.1,4670.39,586.79,NA,1270.06,28821.34
2017-05-25,557.22,4322.12,1352.47,5210.95,NA,2432.92,693.67,3944.21,31.95,143.12,1538.36,20953.55
2017-05-26,1728.63,436.14,235.28,538.82,NA,1407.81,154.5,7110.51,NA,NA,1392.09,13334.04
2017-05-27,3313.08,3507.81,977.14,706.34,345.14,1684.35,181.29,5372.43,476.19,NA,507.67,17362.07
2017-05-28,805.09,1443.46,431.59,2125.58,NA,1147.65,380.29,5096.56,235.94,81.21,601.57,12348.94
2017-05-29,1566.84,2256.37,1386.62,2173.04,33.68,2577.84,437.86,9064.38,1152.51,190.76,1065.47,23028.28
2017-05-30,1523.62,1316.84,861.52,2641.05,NA,2348.38,85.37,8015.68,160.21,NA,127.1,17890.1
2017-05-31,7000.27,2789.91,1421.83,4312.93,NA,1268.9,354.21,4961.74,470.14,953.05,367.12,24737.43
2017-06-01,2823.18,5825.71,2210.57,4065.07,NA,791.34,966.43,3807.82,32,204.25,413.37,22457.63
2017-06-02,1891.64,3451.79,4630.99,3252.74,NA,1614.62,511.51,3681.4,441.85,NA,1897.88,21890.47
2017-06-03,2511.76,1089.37,2115.25,1202.99,NA,609.2,758.55,3896.29,84.6,75.08,503.36,12931.93
2017-06-04,1785.05,1462.94,873.46,865.77,NA,869.08,472.33,5898.72,35.69,154.79,2967.61,16029.49
2017-06-05,2923.61,1472.01,3750.35,5457.11,NA,1673.84,778.44,9002.86,112.28,NA,1531.18,27604.84
2017-06-06,1723.61,2744.4,1955.2,1114.92,27.68,1771.71,584.95,6734.02,169.48,NA,1366.05,18908.21
2017-06-07,2191.49,1162.54,936.21,1771.88,NA,1198.46,651.11,5615.67,996.29,101.77,1867.92,17193.76
2017-06-08,8598.21,1778.98,505.74,5896.92,NA,726.78,1189.82,5910.75,325.87,153.98,1567.76,26654.81
2017-06-09,2395.7,2398.71,1265.99,3635.87,NA,2114.15,2156.33,1982.16,538.65,NA,3030.85,19760.57
2017-06-10,1192.8,1301.89,95.53,1205.1,NA,818.85,449.76,3716.87,443.33,262.02,582.64,10296.56
2017-06-11,1667.87,4157.51,1456.37,1724.2,124.3,1285.65,569.06,4919.91,496.41,198.13,955.17,20381.51
2017-06-12,1793.98,2247.11,1461.22,4022.51,NA,550.8,690.31,8021.13,279.7,NA,250.52,19418.43
2017-06-13,3255.75,1746.48,2038.33,1856.25,NA,1261.39,398.96,3438.44,391.7,104.91,2059.56,16988.87
2017-06-14,987.26,2922.47,1314.58,5107.59,NA,1684.54,1725.71,10941.75,245.46,NA,2386.65,27515.26
2017-06-15,1367.47,1108.48,788.93,1566.18,NA,511.44,687.01,6729.29,2315.53,NA,1253.27,17497.04
2017-06-16,1832.17,1686.26,1405.99,1773.89,171.79,451.64,802.94,5885.17,258.4,127.92,473.34,15232.16
2017-06-17,2401.1,1404.28,335.87,1172.19,NA,306.62,385.08,5326.03,NA,NA,1799.73,13545.88
2017-06-18,1233.35,1393.56,554.72,664.85,NA,1228.21,344.54,11307.91,245.37,NA,876.31,17897.44
2017-06-19,4481.82,1775.07,1134.64,3924.12,NA,2042.36,652,10464.64,1279.96,NA,1042.66,26797.27
2017-06-20,2859.91,1222.76,1220.66,1381.71,NA,10117.55,169.83,3667.92,569.15,NA,682.4,22171.07
2017-06-21,353.43,352.88,1416.97,759.55,NA,18.19,552.73,3159.64,440.06,NA,181.77,7275.1
2017-06-22,541.2,1418.68,873.13,1481.59,NA,1088.65,553.71,3466.24,212.19,231.38,611.29,10478.06
2017-06-23,2787.35,1272.83,1141.24,2092.58,NA,1416.19,479.33,4605.74,318.52,170.36,1559.33,15945.16
2017-06-24,540.31,723.03,984.95,346.99,NA,1871.66,126.92,3675.56,NA,NA,1665.56,10066.2
2017-06-25,2513.95,2701.41,4151.19,1441.76,NA,2463.11,35,4747.89,188.84,NA,2441.04,20829.98
2017-06-26,1751.25,469.84,1558.34,5523.26,NA,899.56,1911.13,2442.09,NA,1422.05,740.5,16868.76
2017-06-27,2638.17,1469.85,1181.27,3644.75,NA,1049.28,181.18,8932.27,447.42,118.76,826.64,20560
2017-06-28,1634.19,1670.26,956.43,1737.15,NA,2897.92,306.91,5181.11,1120.21,NA,1598.88,17318.94
2017-06-29,1817.07,526.38,1380.39,725.31,NA,1331.52,657.53,5797.65,367.95,276.08,2022.1,15350.39
2017-06-30,3373.7,1241.46,2351.05,466.91,NA,1260.08,327.19,4449.1,67.3,NA,1511.19,16675.5
2017-07-01,1207.05,2313.87,2282.74,572.59,NA,2739.55,182.28,5119.4,134.94,NA,1600.55,16214.06
2017-07-02,2356.99,585.21,1657.8,1402.93,NA,1796.7,147.67,5866.89,NA,NA,952.34,14957.68
2017-07-03,1440.33,1576.35,3061.44,1001.5,57.61,3960.02,482.28,6744.65,40.1,391.73,1736.52,20551.31
2017-07-04,1516.66,1838.72,328.14,2432.75,112.69,1171.82,906.4,8241.35,269.06,276.96,1172.38,18478.78
2017-07-05,2245.11,4263.71,3484.32,1156.51,215.6,3609.32,805.33,8393.85,354.49,NA,1138.5,26240.64
2017-07-06,1238.79,2790.91,2420.15,7642.82,NA,1252.6,1857.92,6955.23,90.17,NA,3143.84,28269.91
2017-07-07,1079.6,2086.63,1267.17,2362.49,29.24,2077.22,77.57,5038.5,1070.19,131.31,848.04,16723.17
2017-07-08,2317.78,871.14,1425.52,1116.64,NA,1284.65,NA,4551.62,NA,NA,644.27,12781.44
2017-07-09,825.19,1163.25,478.67,781.4,NA,2642.35,571.6,2804.05,NA,NA,880.93,10452.51
2017-07-10,1314.84,2110.56,2742.2,2785.28,NA,1900.43,929.07,6169.8,562.61,196.01,2157.22,21179.32
2017-07-11,1197.61,2489.93,1936.24,2732.74,171.92,3283.65,1093.31,9243.44,346.5,373.9,1961.02,26406.34
2017-07-12,2134.62,1795.97,1239.71,3288.78,NA,1659.67,152.11,8572.36,1075.78,NA,3257.9,23659.41
2017-07-13,1465.02,1906.31,1247.23,1781.17,172.59,4067.63,175.88,7403.17,286.61,NA,950.86,19696.25
2017-07-14,1842.27,3159.68,2232.56,2682.63,128.04,1945.08,306.25,6071.91,1589.27,1315.6,1245.57,22593.54
2017-07-15,419.54,2106.86,1066.23,808.93,NA,1660.09,1959.77,6060.62,266.92,184.7,545.88,15079.54
2017-07-16,2650.69,2330.28,1269.4,1477.2,NA,1315.89,NA,5110.86,192.37,206.07,2375,17045.46
2017-07-17,2487.04,1667.72,1280.93,3548.72,294.06,3192.9,2105.43,11686.46,868.64,NA,1450.53,29394.66
2017-07-18,3212.71,1796.58,1600.09,6093.21,137.3,2630.86,3387.45,11935.98,297.83,35.31,2420.46,34102.33
2017-07-19,1912.19,1567.2,860.18,2721.93,NA,2182.02,2405.52,6761.23,115.94,NA,1494.5,20722.03
2017-07-20,2068.25,1622.28,717.89,2266.62,50.2,3764.12,1864.61,9291.79,NA,391.73,740.27,23065.28
2017-07-21,1646.63,2539.84,1060.03,799.2,45.19,1103.02,1835.88,8491.41,NA,187.82,860.16,18654.32
2017-07-22,1491.36,1188.25,996.64,5221.55,119.6,893.57,1107.71,4755.01,167.32,NA,314.52,16384.09
2017-07-23,947.52,1238.29,2211.18,2612.21,NA,1329.59,73.34,4302.43,63.01,79.68,942.77,14200.66
2017-07-24,2135.45,1352.05,1347.36,2921.75,320.65,2500.3,495.31,7984.27,247.76,127.99,2918.57,22489.34
2017-07-25,865.73,1931.24,1188.49,6753.85,161.22,1596.02,705.75,7966.64,276.83,NA,2232.51,23989.52
2017-07-26,1301.96,917.25,202.38,1940.65,NA,2276.26,484.1,6579.63,1115.14,NA,842.81,15917.54
2017-07-27,2983.65,3171.83,998.1,2726.15,NA,2039.59,528.59,5720.42,568.64,21.75,1308.07,20477.14
2017-07-28,6093.25,2336.02,1396.21,957.2,NA,4942.6,667.76,5767.64,323.2,NA,2020.39,24624.34
2017-07-29,2118.69,2510.29,1167.6,2561.15,NA,2576.54,NA,6250.97,579.2,51.05,521,18645.1
2017-07-30,908.38,1561.11,1264.07,2020.9,NA,3587.2,1107.77,4989.27,34.53,NA,1626.47,17126.14
2017-07-31,1186.86,2275.16,891.4,3574.27,155.18,1824.11,609.84,6935.93,1679.51,125.15,2237.98,21563.49
2017-08-01,4764.18,2077.02,2708.83,2043.54,38.27,2051.66,779.69,9470.69,130.56,602.59,2462.32,27129.35
2017-08-02,3041.88,1298.44,1318.2,3600.21,24.35,1638.56,597.71,8870.71,760.06,NA,1092.91,23035.29
2017-08-03,2731.77,1648.41,1611.76,2936.31,NA,2433.65,2071.86,8319.68,44,NA,1333.42,23366.26
2017-08-04,1012.79,4305.62,857.63,3291.5,NA,2968.01,244.55,8073.83,213.65,225.17,1374.31,22649.98
2017-08-05,798.21,3169.03,869.8,1434.85,223.08,2232.45,388.78,3704.19,NA,76.99,1718.61,14980.51
2017-08-06,927.96,2813.47,1762.26,1158.11,171.79,3427.64,379.39,2978.4,1048.3,NA,2240.95,17203.43
2017-08-07,3694.02,2864.2,2389.85,2696.11,NA,3657.76,2947.04,5482.17,520.38,147.06,3731.32,28204.23
2017-08-08,1644.89,2759.6,1278.74,3062.6,51.27,2724.21,204.99,7203.12,258.62,334.63,2060.32,21702.45
2017-08-09,996.12,2287.46,2358.51,1925.01,60.19,2775.41,915.66,10357.91,227.93,NA,1799.8,23948.64
2017-08-10,3061.89,2569.46,1727.62,2623.49,NA,1074.41,1116.92,8403.2,213.17,NA,3205.37,24367.17
2017-08-11,1147.82,326.1,3367.76,3884.05,NA,2634.03,680.8,8760.55,444.77,314.48,1554.5,23777.38
2017-08-12,4652.77,1632.18,3178.24,1473.31,213.06,2003.9,484.23,4605.16,130.56,76.99,928.6,19406.01
2017-08-13,2276.3,1122.23,1516.9,3865.47,NA,606.3,293.98,4740.4,130.98,NA,313.28,16595.97
2017-08-14,3569.79,2314.62,1116,1489.63,54.1,2586.02,854.29,7949.42,NA,NA,2486.1,23249.85
2017-08-15,3386.31,2063.39,1402.99,3429.41,126.92,4098.45,1435.24,9775.85,459.32,296.83,2429.59,29330.21
2017-08-16,2170.63,2282.1,1396.48,4198.9,175.15,2060.86,1137.52,10034.96,2124.07,163.35,2110.99,28421.56
2017-08-17,1403.05,989.53,2057.03,3395.48,NA,2524.99,1063.78,8185.41,462.06,40.77,2114.85,22653.5
2017-08-18,3318.34,1327.58,1374.36,2364.67,NA,1324.55,3693.24,5471.43,217.88,70.58,1258.34,20442.59
2017-08-19,1672.3,1896.16,951.28,1796.51,NA,3117.45,2282.14,4173.68,NA,778.27,929.36,17770.02
2017-08-20,4347.12,1699.96,1163.44,1376.18,35,1857.8,262.28,4786.46,199.69,NA,498.28,16426.77
2017-08-21,2367.94,4024.32,1628.79,4757.05,NA,2843.08,1852.8,8225.61,938.1,194.66,1264.73,28708.98
2017-08-22,3736.63,2109.84,2633.5,1948.78,NA,2498.05,513.63,6114.99,140.8,296.51,2083.03,22853.41
2017-08-23,1218.11,1615.44,750.85,4356.35,160.92,2357.35,852.01,5397.79,208.48,221.06,2021.31,19700.02
2017-08-24,3033.42,1196.48,1139.06,1929.45,77.67,1994.08,366.3,5728.12,193.82,112.46,1581.8,17795.46
2017-08-25,2712.59,1794.5,1135.69,1812.03,NA,1479.13,250.24,7860.28,849.97,88.52,725.69,18848.94
2017-08-26,706.71,1010.06,482.4,1237.25,302.58,1761.1,1215.83,5322.08,197.65,NA,586.6,13015.19
2017-08-27,1674.37,1870.06,2905.02,2135.38,28.17,1683.89,981.89,3669.87,60.22,NA,2151.21,17423.99
2017-08-28,1831.57,1563.05,1477.57,6327.66,160.46,4443,1772.75,7558.52,334.52,NA,1789.5,27344.33
2017-08-29,2110.67,3374.69,1210.22,20009.15,140.29,2711.68,324.41,6402.73,47.11,NA,1459.23,37990.55
2017-08-30,2842.35,1415.94,1762.17,13921.83,41.81,2022.71,1722.22,8989.87,1558.89,224.6,1402.72,36707.99
2017-08-31,2101.82,3834.85,477.12,4920.67,NA,2771.06,614.92,7324.51,1456.62,63.14,1246.07,24992.78
2017-09-01,1868.37,4184.63,1597.27,12116.28,NA,3472.2,1073.29,5529.45,1612.66,392.57,2944.05,34974.54
2017-09-02,1942.05,626.71,1161.49,7236.91,NA,772.45,1054.63,6190.33,1082.87,NA,997.37,21165.06
2017-09-03,1392.37,7124.42,3321.36,5428.99,NA,4170.67,824.78,9807.44,263.69,NA,1079.77,34196.9
2017-09-04,4314.69,4237.18,929.72,9251.43,NA,2166.21,770.46,6301.38,104.37,47.09,1636.15,30397.51
2017-09-05,3040.15,1558.59,1233.61,4392.31,NA,2735.88,819.58,8871.17,NA,418.04,3486.88,27646.84
2017-09-06,1996.44,1461.25,724.49,10968.55,NA,1764.84,637.08,6755.02,119.84,NA,3815.15,28503.09
2017-09-07,2099.73,1031.98,1952.52,5622.15,NA,2238.57,797.67,4027.78,1237.08,NA,606.73,22145.51
2017-09-08,1792.69,1042.35,1741.9,1837.27,118.23,2110.11,1043.29,4349.89,164.06,NA,1237.04,15735.47
2017-09-09,3563.2,1841.99,857.08,2099.46,54.6,2338.59,220.02,6793.2,43.72,NA,903.33,18977.12
2017-09-10,2269.27,3323.76,2629.55,2742.27,47.52,1922.7,1631.11,4490.84,342.67,83.9,2140.41,21832.1
2017-09-11,5506.25,2304.17,907.37,2416.47,142.13,3697.02,680.51,9446.74,1015.6,200.94,2387.43,29135.07
2017-09-12,3171.54,3823.08,2035.48,7667.19,61.52,3030.03,1916.97,8080.1,997.13,NA,1746.56,32931.66
2017-09-13,2908.58,4247.53,4144.08,2634.92,100.98,1725.64,2560.83,10294.83,325.46,906.5,2408.23,33086.34
2017-09-14,3584.51,2469.63,2054.71,4840.71,NA,2366.51,733.65,10406.41,256.79,NA,2275.7,29369.3
2017-09-15,1840.49,1799.33,346.63,3389.06,24.1,1486.53,2915.8,7793.21,267.69,242.97,1490.57,22048.31
2017-09-16,2625.4,3681.98,1122.94,2880.43,102.36,1985.2,267.4,9453.6,250.95,NA,2134.03,25005.88
2017-09-17,2716.12,5093.44,1968.17,3545.94,200.24,1646.25,150.91,6535.32,144.41,281.65,1259.2,23770.9
2017-09-18,3762.18,2297.69,2123.58,5267.94,73.13,3513.32,683.21,10827.88,424.76,NA,5485.13,34655.48
2017-09-19,1113.37,2482.78,3267.84,4915.04,210.36,2709.75,1604.3,5247.35,283.44,NA,2153.61,24290.48
2017-09-20,2213.97,1565.2,2517.96,1543.74,376.81,2799.08,878.74,10015.38,603.2,92.95,3173.45,26634.05
2017-09-21,3357.48,2996.88,1221.01,1191.23,73.13,2523.77,766.47,9490.6,57.67,NA,3620.19,25298.43
2017-09-22,1917.67,3584.06,1077.3,1750.41,73.13,2701.41,1550.1,5314.18,NA,131.56,1525.99,19791.13
2017-09-23,1514.5,756.49,913.21,802.24,179.8,960.07,62.5,4439.62,NA,1004.77,1497.86,12332.16
2017-09-24,2606.76,3174.82,739.51,1408.47,NA,1673.79,384.85,4680.14,45.53,241.19,954.14,16291.3
2017-09-25,3190.77,1970.71,2076.88,4179.82,73.16,1035,999.99,7230.01,544.9,NA,1601.21,23135.79
2017-09-26,2783.07,2675.6,1378.44,3374.84,NA,2271.84,1390.65,8938.67,533.44,NA,2538.25,26020.34
2017-09-27,2338.8,1759.5,958.73,5965.96,73.13,1950.3,1570.34,7572.48,86.78,NA,2040.48,25494.27
2017-09-28,4177.28,2800.04,3232.74,3873.58,NA,1657.71,199.23,7942.57,1820.05,125.51,1633.05,27524.67
2017-09-29,1523.24,3502.59,2291.42,16397.22,NA,1134.49,905.88,7329.2,137.18,203.38,908.95,35160.46
2017-09-30,1348.64,1113.66,550.52,2852.42,117.98,884.44,941.91,4952.98,1075.4,NA,1700.35,15538.3
2017-10-01,1590.31,2254.83,1151.13,2243.09,244.92,1652.7,3215.34,8523.32,332.95,131.56,1316.09,22656.24
2017-10-02,2440.96,2090,2622.52,3965.34,160.83,5467.23,1283.09,6549.92,152.9,128.31,2551.86,27799.77
2017-10-03,3276.28,4231.47,966.49,4739.26,NA,2817.36,1623.37,11174.28,150.74,NA,2345.48,31526.11
2017-10-04,1669.92,2298.98,2750.8,3966.19,125.51,2263.28,3199.58,5972.25,27.68,131.56,2076.8,25388.74
2017-10-05,2119.41,2124.08,782.78,9989.7,NA,2581.94,724.93,9824.12,132.53,120.71,3565.69,34447.22
2017-10-06,1912.46,2008.18,3347.24,1392.22,275.48,996.82,1224.11,5322.68,65.69,1787.72,2102.14,22904.56
2017-10-07,1410.96,1450.45,1281.37,4947.92,177.69,1948.97,1129.35,4805.74,106.85,NA,528.45,18455.24
2017-10-08,1927.08,3911.12,1624.82,1493.3,146.29,919.75,1414.63,5425.91,61.88,133.25,2749.15,20371.34
2017-10-09,3227.45,2337.76,3094.36,4700.92,69.64,3458.68,1537,9811.33,912.37,NA,2386.34,34663.79
2017-10-10,2757.27,5837.68,2041.98,8356.06,219.68,1628.02,632.57,7050.21,238.45,37.1,3099.68,34092.92
2017-10-11,1717.61,3319.06,1502.24,6646.65,NA,1743.05,578.77,7972.47,31.01,586.01,1475.26,28115.08
2017-10-12,1764.6,4495.98,2207.5,1380.27,NA,3683.94,1222.18,7068.58,334.22,NA,827.29,23881.33
2017-10-13,1934.48,3385.43,3780.36,5943.8,NA,3132.12,715.56,6574.4,146.67,578.9,1765,28405.36
2017-10-14,1077.55,1575.37,3353.73,3217.96,44.85,2249.82,492.75,4043.91,NA,48.09,1175.55,17912.06
2017-10-15,1767.26,1856.49,1664.93,6641.97,NA,1145.11,490.98,6319.74,160.06,NA,1841.93,22372.56
2017-10-16,4552,6131.34,3414.59,6990.73,233.64,2567.08,953.75,8892.69,588.62,205.3,2234.8,36764.54
2017-10-17,3655.18,4503.65,3126.93,6816.63,476.21,4156.41,811.7,14949.76,729.18,992.36,2008.54,42799.82
2017-10-18,2593.83,5312.14,1425.28,4743.84,169.33,2573.57,354.98,10661.17,982.24,NA,3360.43,34859.78
2017-10-19,2797.4,5950.28,2061.08,2885.18,NA,3549.43,990.62,7529.05,82.85,NA,2455.81,28661.32
2017-10-20,2599.33,2854.97,2015.39,1920.01,478.78,2095,505.18,6709.25,1708.48,NA,1361.57,22694.89
2017-10-21,3150.66,2639.01,1949.19,2345.45,245.47,2307.69,1403.06,2993.45,280.82,NA,1002.56,18781.63
2017-10-22,2771.78,2426.67,632.5,4461.88,241.62,2602.13,720.54,7012.21,653.05,NA,2369.39,23930.45
2017-10-23,2110.07,2898.6,1700.58,4683.29,NA,3532.99,453.98,6724.74,524.44,61.93,2623.71,27493.57
2017-10-24,2382.71,3234.82,2500.99,7047.39,416.03,1051.17,933.11,7149.22,61.11,36.65,1665.18,26854.07
2017-10-25,1925.98,2002.49,3382.96,1915.26,563.95,2385.63,1167.45,5748.68,207.74,132.57,2049.13,22220.78
2017-10-26,3253.38,2668.27,2516.23,2984.3,NA,3159.05,1401.35,7371.53,102.73,45.78,1413.17,27699.43
2017-10-27,1292.59,3010.16,2761.01,7008.45,63.46,2023.2,1104.77,5423.97,312.98,764,714.98,24809.68
2017-10-28,2156.85,1539.87,522.59,2532.51,NA,3364.12,717.64,3258.22,2207.5,2467.33,695.41,19716.44
2017-10-29,2573.69,3708.27,1282.21,3066.37,NA,2126.34,3380.6,5933.91,327.9,NA,1389.02,23905.25
2017-10-30,807.4,1955.59,3184.76,5978.27,237.58,3340.35,1066.94,5916.41,61.01,105.3,2579.98,25872.04
2017-10-31,1534.38,1618.12,965.22,10611.07,NA,3444.22,1173.95,5546.06,537.29,NA,2276.81,27918.75
2017-11-01,2196.6,5503.11,1424.11,5605.62,NA,673.63,1553.46,3198.79,355.38,99.95,1995.92,23241.77
2017-11-02,1486.17,3525.09,2322.39,5287.39,235.31,2632.37,461.58,7585.1,NA,491.45,2603.59,27564.67
2017-11-03,3371.87,2658.6,1840.74,3921.16,235.31,3239.77,1368.2,6111.28,2254.65,NA,2292.17,28660.43
2017-11-04,1925.49,2240.55,2637.24,2127.63,237.47,3642.86,1612.04,7563.95,363.73,NA,1497.27,23964.56
2017-11-05,1405.56,2071.78,3187.87,1626.88,372.01,2282.04,1088.86,8400.26,NA,NA,1478.66,22727.87
2017-11-06,1618.45,4786.03,3090.06,5579.16,38.91,4535.39,1104.24,8045.48,89.28,442.75,1456.03,34148.52
2017-11-07,3265.68,6720.87,1715.63,1518.61,128.95,2285.25,2974.51,7295.11,130.15,NA,1585.8,27952.13
2017-11-08,1576.38,3276.74,2242.29,3866.93,NA,2377.3,529.97,8644.44,44.73,84.59,959.9,23829.39
2017-11-09,2733.56,3517.98,1072.79,5639.96,188.31,1951.19,1258.42,10318.36,1225.17,473.28,1810.65,30466.92
2017-11-10,4086.78,2645.62,1564.68,2543.62,46.27,3784.67,1579.7,4071.95,132.05,519.98,2599.4,23752.34
2017-11-11,1782.35,3293.97,3021.07,1821.65,NA,2496.91,2264.38,8436.93,992.13,1023.37,1798.52,29009.81
2017-11-12,1372.67,5432.06,2785.37,6060.15,73.13,2056.59,1389.49,5052.71,287.8,1117.03,3565.13,29709.83
2017-11-13,2912.33,5339.97,2397.73,3494.38,228.45,3882.85,1205.81,8914.47,244.86,37.84,1398.97,30874.62
2017-11-14,3707.87,2740.24,1170.19,3922.73,422.72,3924.53,993.01,10254.79,206.99,1303.21,989.54,32340.58
2017-11-15,2936.1,4506.43,2970.97,2700.73,81.54,3309.57,1855.56,6961.24,1299.93,NA,1930.23,28689.38
2017-11-16,2507.24,3730.87,1543.32,2923.9,109.3,2150.55,6762.64,11158.78,652.32,45,3087.71,35957.52
2017-11-17,2584.37,4886.64,3897.35,4728.04,170.92,4430.02,569.24,11761.46,578.88,842.96,2103.54,38460.45
2017-11-18,3945.28,2380.1,3117.5,3374.29,496.48,2741.91,1061.93,9489.82,372.79,469.74,1512.23,29757.27
2017-11-19,3367.89,1722.86,2707.84,2782.82,55.6,2125.84,1027.78,8101.09,579.72,NA,1651.91,24592.42
2017-11-20,6760.05,5033.11,6823.76,8489.9,NA,4956.09,580.73,13636.1,1843.27,3184.55,2069.66,54059.33
2017-11-21,4893.06,6016.81,2535.97,7003.28,53.59,11776.03,1773.19,12308.13,175.57,NA,2203.8,49842.63
2017-11-22,3095.04,3740.65,1931.28,4119.87,300.77,3159.7,2085.7,10685.35,162.38,420.28,918.51,32189.79
2017-11-23,6882.94,6808.38,4883.17,7106.12,185.27,5081.05,1896.82,12677.59,2827.66,874.4,2305.38,53236.29
2017-11-24,22816.3,23571.88,8841.37,25720.78,565.82,21840.78,9195.66,62491.78,3492.86,6716.14,10211.15,197094.39
2017-11-25,9243.49,5473.47,3132.97,11159.59,103.65,8495.25,5579.24,24508.5,3859.47,NA,6264.38,78459.9
2017-11-26,5581.17,4181.81,2551.68,8425.08,143.06,4667.6,4300.47,22619.43,581.3,392.1,2397.95,57133.32
2017-11-27,6177.49,4353.68,3701.97,13743.49,34.09,7537.85,3082.05,20087.42,892.03,253.95,2567,63187.58
2017-11-28,6404.2,3110.38,3532.22,7883.05,408.51,9478.03,2480.6,18001.24,2237.56,425.24,5690.73,60417.32
2017-11-29,6861.77,5791.09,1400.04,5180.16,518.54,6988.48,2665.64,17926.04,856.11,166.78,1798.74,51763.39
2017-11-30,3087.34,4649.17,1853.41,3597.08,467.63,3430.32,925.32,14805.66,683.53,51.71,3216.36,37575.3
2017-12-01,5895.08,6245.09,2863.8,6115.27,675.6,4301.79,827.86,14161.02,211.15,452.81,8050.52,50135.51
2017-12-02,4335.84,7119.87,2598.45,2271.22,123.75,3400.25,768.32,14861.14,288.22,NA,1605.5,37557.29
2017-12-03,4021.83,4582.26,2780.08,2805.77,201.53,2493.51,437.49,13909.27,2311.38,NA,2574.3,36909.53
2017-12-04,7254.62,6379.64,2121.59,6910.4,718.3,3782.37,2289.54,21244.76,345.1,487.47,2580.83,57336.19
2017-12-05,5165.81,5098.28,5287.78,4273.54,296.35,4458.61,1267.11,16091.97,223.03,NA,4052.2,48168.86
2017-12-06,6188.53,3668.69,5888.25,5215.44,212.95,2634.38,2961.93,15780.86,170.39,522.41,2745.19,47872.04
2017-12-07,3613.98,2097.17,1639.02,4425.72,237.56,2382.36,2460.12,12314.73,553.62,780.05,3893.21,35975.35
2017-12-08,5069.77,2296.27,3724.02,3313.85,69.43,3066.93,1980.01,10507.99,660.49,301.76,4179.1,36877.51
2017-12-09,2019.5,1638.18,4146.14,2767.25,NA,919.06,694.06,8071.13,949.62,68,2662.15,24565.55
2017-12-10,2332.31,5477.87,1681.93,2733.88,31.75,2211.74,1821.61,10219.36,344.2,374.13,2511.37,30797.46
2017-12-11,5164.8,4219.89,2884.76,4718.26,524.51,2396.23,566.37,14672.46,759.18,NA,4630.26,41056.97
2017-12-12,4332.63,4456.17,2673.28,4541.77,281.44,4203.65,537.27,15030.84,1105.75,277.68,3174.71,42836.03
2017-12-13,5732.23,5246.54,2305.24,3326.08,NA,2217.26,3001.79,9659.16,126.85,97.17,2493.23,34866.15
2017-12-14,3173.7,1405.68,1894.31,3231.96,61.43,1639.9,1100.45,12265.4,1937.87,57.68,3480.12,31625.21
2017-12-15,5325.45,3959.93,1797.12,6716.04,223.35,1350.63,538.38,9175.58,358.94,282.01,2327.61,32194.42
2017-12-16,2766.59,4642.46,1569.94,4649.16,188.38,798.83,488.77,6004.02,466.16,108.73,1550.17,23926.6
2017-12-17,4616.75,2480,1225.39,2129.97,67.61,2159.86,2506.43,5446.64,511.58,NA,1547.96,23012.99
2017-12-18,3186.26,4312.31,903.86,3243.65,65.43,3690.53,652.16,13715.61,689.53,516.35,2858.54,34525.56
2017-12-19,2174.67,3528.73,1699.75,1727.02,94.19,1950.27,1124.48,8269.9,868.13,31.75,2598.16,24740.06
2017-12-20,4463.81,1767.12,1640.46,6143.36,65.43,1023.88,1367.03,9809.55,1705.36,864.72,3887.11,33354.13
2017-12-21,1622.18,1822.77,928.07,4349.26,121.6,2930.34,1002.96,7736.35,102.86,102.24,804.16,22026.58
2017-12-22,970.14,3037.83,87.06,2090.87,257.43,445.61,1055.86,6433.53,120.27,2352.48,774.25,18514.7
2017-12-23,1184.43,1166.07,745.27,3040.64,37.34,686.18,573.53,6892.66,829.37,NA,878.92,17350.08
2017-12-24,977.73,723.87,974.79,820.28,73.65,629.92,225.71,1934.83,178.27,NA,227.66,6766.71
2017-12-25,1051.26,1074.5,194.48,896.98,352.25,1911.75,910.17,5430.33,93.87,NA,746.64,12662.23
2017-12-26,2472.58,2278.77,4067.59,4800.12,54.18,2217.12,478.99,6437.39,1043.79,97.17,1317.8,26308.78
2017-12-27,1934.72,2740.63,2221.71,2158.03,138.19,1232.87,1413.98,7620.82,219.39,135.49,1062.16,22974.27
2017-12-28,1523.51,2524.49,1037.25,2470.93,71.64,381.44,1074.04,6127.76,481.39,798.86,1019.28,18272.23
2017-12-29,2326.39,4409.44,2109.5,1953.24,131.43,1057.76,1743.69,4614.09,42.27,267.4,1614.46,22598.81
2017-12-30,885.98,1296.43,1024.11,1007.94,70.23,1641.3,1377.02,3862.39,1160.88,719.15,2184.03,16042.79
2017-12-31,1711.55,1979.93,674.89,1146.97,131.37,1048.78,63.33,2229.16,236.17,NA,305.41,10240.76
2018-01-01,1032.72,1859.55,1128.68,1406.8,130.03,493.4,424.54,2375.47,124.69,NA,424.53,9768.27
2018-01-02,3329.83,1486.27,2851.15,5230.57,461.02,1359.73,661.99,10710.24,719.72,169.93,2284.53,31356.52
2018-01-03,2883.72,2581.61,2061.37,7211.21,125.08,3932.52,972.46,14616.1,1088.8,311.36,2828.24,39589.39
2018-01-04,3344.29,3106.98,3805.91,5164.98,325.29,4562.89,494.11,15323.86,1207.46,1451.23,2373.64,43294.47
2018-01-05,3570.99,4436.98,1291.63,4795.42,130.85,3213.7,991.16,13568.6,584.26,504.09,1578.9,35524.63
2018-01-06,1883.54,2711.05,2958,5240.69,82.42,5729.03,719.46,14109.86,588.74,566.96,2290.76,37549.84
2018-01-07,1606.76,2827.29,2485.42,5937.4,330.43,5788.84,757.56,12509.55,NA,432.36,1905.98,34656.95
2018-01-08,3502.85,3447.11,4805.3,8459.41,96.34,4128.33,2328.3,16658.31,471.57,NA,3420.94,49149.39
2018-01-09,4075.78,3942.49,2285.13,7030.67,443.94,2236.3,849.86,12694.71,644.21,NA,3856.15,39304.65
2018-01-10,4198.04,1687.7,1753.5,11638.08,181.21,5132.62,1160.79,13351.7,1124.14,1279.77,3907.02,45672.98
2018-01-11,3925.17,5366.65,3462.83,8071.69,232.26,3045.85,721.7,14644.65,2597.64,211.29,4645.61,48271.49
2018-01-12,2693.64,4734.94,1296.71,7548.39,318.27,6679.74,1145.45,8832.65,863.84,729.13,5212.31,40930.17
2018-01-13,3431.85,2511.57,2537.53,2679.72,120.28,3171.73,475.79,13120.36,654.93,39.44,4663.09,34511.07
2018-01-14,3271.18,5974.04,3304.19,2893.93,113.93,2264,842.27,11819.43,697.64,475.27,4322.43,37282.41
2018-01-15,4054.46,6602.49,3528.66,7605.19,145.31,5263.63,797.77,13471.29,546.05,47.4,3933.74,46493.54
2018-01-16,4791.22,4077.03,3858.92,10037.78,42.44,5351.04,2633.84,14547.26,2249.26,442.26,5420.46,55854.41
2018-01-17,5524.76,3510.82,3185.91,5371.65,140.89,3445.11,955.5,12928.51,661.98,911.8,4592.32,43157.84
2018-01-18,2759.14,3378.96,3780.12,5993.52,36.7,3882.9,449.83,8717.22,645.35,1899.67,3181.1,35597.78
2018-01-19,3223.12,4164.63,1859.45,5823.24,69.71,4213.21,774.07,9343.53,125.29,NA,5358.89,36531.09
2018-01-20,3148.12,3763.51,1241.61,5091.62,NA,4293.72,1472.03,5844.88,864.25,312.57,1471.56,28174.14
2018-01-21,2444.22,2858.41,857.01,2374.85,111.25,3719.65,1636.35,9342.42,267.67,232.67,3689.96,29747.1
2018-01-22,4471.95,6559.65,1934.63,8398.54,57.78,2699.9,2982.1,11893.48,1356.79,36.65,3597.65,46591.83
2018-01-23,6672.94,6209.73,3185.75,4869.06,417.78,4813.92,969.5,11836.17,1015.38,NA,2861.9,43141.2
2018-01-24,3898.31,7699.56,4645.93,4659.75,378.51,2766.42,2830.03,11063.97,33.85,33.6,3230.56,41715.78
2018-01-25,3138.94,2621.26,3857.71,6303.41,69.71,3888.52,2486.51,9526.72,984.2,235.84,3282.79,37213.05
2018-01-26,4413.53,2691.25,1848.19,4235.08,164.91,5060.9,3899.97,10028.37,1305.21,215.79,7573.27,41945.36
2018-01-27,4846.59,3258.84,1526.1,2813.61,151.03,1899.22,574.28,10441.32,535.48,NA,1914.1,28093.73
2018-01-28,2697.17,2418.11,1109.11,2299.41,63.6,2216.93,476.19,9049.18,3236.43,1455.71,3069.2,28681.01
2018-01-29,4342.23,3268.16,2924.06,5199.74,121.03,3347.55,1233.54,11746.39,381.7,NA,5846.14,38719.75
2018-01-30,2900.51,4241.61,1385.21,7037.34,326.85,2069.52,922.32,14222.11,370.48,1884.88,4190.38,40565.66
2018-01-31,3150.35,6085.54,2335.17,6604.29,NA,3171.93,452.67,11547.38,635.04,439.72,3345.66,38460.68
2018-02-01,4826.19,6073.83,2287.28,5778.12,317.23,6258.96,1859.11,6325.24,1172.54,675.44,2395.78,37969.72
2018-02-02,5941.63,1682.44,392.21,6568.85,143.8,3868.99,1219.7,9257.38,1153,554.46,2203.56,33736.46
2018-02-03,2052.25,2685.98,3648.14,6512.32,30.29,2403.36,194.04,8236.44,99.87,NA,2180.73,28502.33
2018-02-04,4213.3,2107.19,1789.33,2796.08,127.45,3256.73,1171.86,8524.99,510.22,1319.34,3478.15,29935.05
2018-02-05,5177.42,3734.93,1128.38,5767.1,196.03,4027.59,2596.12,17775.63,1127.13,1084.63,3936.84,47074.11
2018-02-06,4586.01,7859.95,1445.13,6048.29,63.6,5924.14,1053.69,9652.63,201.5,496.9,4582.71,42742.13
2018-02-07,4417.7,1933.55,2960.8,6691.29,794.6,1883.77,637.68,10837.63,289.04,1766.39,3649.4,36812.82
2018-02-08,3333.52,3001.31,2422.7,8328.09,134.23,2380.96,1346.73,8050.39,624.96,366.41,3073.2,34035.33
2018-02-09,5207.02,3235.78,4754.49,5966.93,162.13,1997.69,1198.38,9080.8,255.83,590.14,2191.46,35576.41
2018-02-10,2009.15,3203.05,1398.15,3400.04,98.91,1469.22,1495.51,7006.92,639.29,NA,4386.14,25852.98
2018-02-11,2727.14,1042.84,2400.14,8687.73,127.14,974.31,937.81,5324.91,69.44,453.43,3582.05,26629.67
2018-02-12,3974.52,2281.95,1801.26,5431.28,70.63,921.13,1368.87,9208.52,52.01,259.45,2653.36,29364.67
2018-02-13,4523.42,855.83,3202.36,3523.86,63.6,1912.16,3221.11,8026.45,659.54,336.03,3209.37,30998.97
2018-02-14,8561.31,1842.05,3284.92,7493.71,376.52,4209.61,1776.62,11110.65,708.4,1791.47,4432.05,46142.23
2018-02-15,6300.25,2851.65,1789.6,4301.15,389.16,2766.75,1762.68,12537.8,794.36,417.65,3894.54,40325.94
2018-02-16,4398.97,2035.55,1123.41,6681.46,133.54,4560.91,1400.03,8693.29,258.62,1040.02,1930.92,33258
2018-02-17,1864.82,4241.32,2097.81,5770.28,376.43,3052.54,603.49,7607.19,1342.5,119.48,2747.25,30106.27
2018-02-18,3151.53,1903.32,1704.99,8392.45,208.16,1324.44,2414.56,6936.71,1154.93,65,1719.86,29603.99
2018-02-19,2368.41,2624.72,1900.49,8905.3,392.07,3989.42,146.46,9495.27,965.82,544,2882.9,34705.28
2018-02-20,4985.05,4168.02,5782.08,6223.42,106.6,4572.07,617.91,12442.85,495.06,163.49,3114.09,43150.7
2018-02-21,4696.65,5293.38,2678.12,7303.27,244.12,3401.02,280.7,10026.68,1732.73,253.52,2336.02,38784.99
2018-02-22,4312.25,3425.02,3916.04,11336.71,150.19,3421.59,582.16,8518.5,NA,761.45,3180.7,40291.68
2018-02-23,3695.48,3829.52,1413.84,5815.7,116.84,2967.09,1145.25,10458.66,1079.94,1073.59,2378.83,34113.34
2018-02-24,2385.02,4104.64,2063.45,7169.96,229.32,2783.51,1093.84,5721.37,740.59,277.32,2392.83,29047.13
2018-02-25,3582.29,2521.91,1800.4,8050.53,324.43,5680.48,1506.98,9402.61,449.12,491.63,1938.79,36840.29
2018-02-26,8411.23,5579.48,1423.76,8054.15,342.39,5503.9,1405.54,15622.29,472.41,240.69,4684.64,52678.49
2018-02-27,5764.33,3081.46,2752.7,9614.13,245.98,5429.16,1818.35,14428.25,684.74,1041.5,3630.34,48949.44
2018-02-28,7148.46,6279.08,2617.94,9222.54,430.05,4480.95,4350.12,12362.2,684.99,1630.69,6020.84,55462.05
2018-03-01,4628.19,4042.12,4122.19,7126.95,69.94,9714.59,893.77,12563.86,277.08,316.51,3101.58,47623.33
2018-03-02,6059.66,4711.74,2083.15,5805.38,608.36,3987.68,1277.38,10151.92,733.39,28.22,2651.71,38961.51
2018-03-03,5924.68,3084.3,2925.03,3937.57,103.47,3226.56,2452.89,7333.45,345.18,103.33,1777.81,31835.53
2018-03-04,4948.46,5878.06,1728.09,4991.39,36.17,3835.72,1822.84,8914.26,344.99,406.19,4166.63,38869.89
2018-03-05,3451.25,3110.87,2055.77,9730.87,NA,6600.85,2139.64,11417.49,739.12,1018.23,5898.94,47492.22
2018-03-06,8566.71,3635.5,2573.52,8537.84,258.02,6090.2,1880.38,10114.17,432.1,776.96,3170.07,47477.71
2018-03-07,4839.6,5646.01,1974.38,7069.05,367.48,5079.66,939.78,10553.51,305.39,397.87,4917.21,43195.41
2018-03-08,5098.12,2869.28,2137.41,3576.98,32.78,6779.73,1560.71,8230.32,506.4,237.09,4046.51,35709.58
2018-03-09,4428.73,6715.95,953.63,2739.61,128.51,5223.7,2420.71,7480.61,NA,153.96,4227.67,35150.75
2018-03-10,5629.69,4717.02,3442.69,2189.17,33.79,2288,1374.27,8811.62,545.59,NA,2374.91,32181.89
2018-03-11,4882.06,3243.85,1011.82,4138.13,234.38,3977.25,444.51,12164.38,2087.49,539.18,4786.39,37956.69
2018-03-12,5438.65,4199.29,1918.54,5230.85,114.78,2655.27,701.72,9517.28,1017.6,41.23,6273.11,37945.62
2018-03-13,4594.63,4459.41,1710.68,3907.12,702.28,4094.14,1494.65,15885.75,1059.96,391.15,4368.61,42984.36
2018-03-14,2820.98,2802.02,683.12,6043.14,163.26,2440.12,1425.32,7300.21,1047.15,1209.24,2966.7,29436.12
2018-03-15,6991.12,6638.56,2896.73,9482.13,523.66,5490.21,301.1,14912.65,579.14,55.74,3776.95,52568.17
2018-03-16,5328.27,4431.99,1671.42,3852.34,277.09,5091.81,696.81,16001.16,1276.02,588.78,3527.03,42884.45
2018-03-17,1901.33,2934.45,1510.54,3795.25,69.77,2337.63,209.97,10703.1,821.48,36.22,2159.2,27051.77
2018-03-18,4333.14,6104.02,3387.37,3693.92,81.9,5546.81,1460.06,10946.44,246.41,239.22,1629.46,37668.75
2018-03-19,4248.92,4942.23,4027.52,12428.92,316.99,4085.9,1504.88,17019.95,2165.21,55.58,3850.96,55242.59
2018-03-20,5259.01,3216.32,2286.39,5158.45,339.76,5430.91,1664.59,12264.85,2937.39,1109.12,3368.24,44758.98
2018-03-21,4028.85,7473.93,2829.09,9194.11,NA,4074.97,2274.85,13435.32,815.48,256.1,3210.53,48204.49
2018-03-22,2116.4,3397.61,3696.34,6416.85,885.69,3340.5,556.88,12366.36,1109.71,1626.43,2880.07,39230.43
2018-03-23,5567.44,4077.31,1451.09,5928.94,60,3350.51,1546.98,11839.63,1193.65,568.45,2098.12,37857.73
2018-03-24,1235.17,6123.81,2380.72,3412.48,43.6,2327.37,610.11,10910.65,NA,97.63,2438.16,30119.66
2018-03-25,2130.96,3719.16,2286.44,2544.33,63.06,1887.44,434.38,16502.84,719.15,327.68,3622.59,34731.85
2018-03-26,3205.76,3053.58,3678.55,6742.99,127.59,3248.02,1912.75,12580.99,967.11,1259.62,5589.83,44634.47
2018-03-27,3588.56,1936,3809.6,6864.6,288.84,7307.04,2501.62,12328.27,1378.06,NA,4243.56,44601.68
2018-03-28,2973.87,5347.14,1759.87,6637.95,250.15,2772.92,1200.12,8549.03,2226.46,735.4,1825.46,35829.85
2018-03-29,1657.58,2770.19,1482.55,7426.08,124.09,6831.71,1375.42,8916.52,1302.12,823.73,1515.12,34881.13
2018-03-30,1670.36,2844.72,2028.75,1346.03,NA,4509.89,796.76,9821.23,925.87,274.76,2942.05,27509.58
2018-03-31,2035.73,3877.92,4419.95,4023.18,482.49,2869.85,541.63,10880.73,699.02,169.7,908.16,31177.15
2018-04-01,5866.96,5454.55,623.82,3795.42,97,3030.99,1062.24,12898.65,661.92,NA,2124.84,35853.61
2018-04-02,2122.22,4528.41,3676.95,7065.4,NA,9812.52,821.42,13883.53,1755.84,461.05,6089.05,50918.58
2018-04-03,3559.89,4909.63,1670.62,5934.75,226.55,4715.68,2422.71,13355.03,1463.23,522.03,4043.03,43367.33
2018-04-04,6040.62,5098.86,4615.5,8297.55,268.67,3380.97,807.23,15180.2,243.15,814.11,2586.34,47710.84
2018-04-05,6515.43,5012.36,3130.36,4587.74,NA,4648.88,826.99,12320.96,1171.12,831.89,4159.01,43477.02
2018-04-06,4871.41,1234.28,1860.78,8366.48,123.78,5355.31,590.96,9102.22,442.28,921.84,1224.64,34747.78
2018-04-07,2832.3,2287.58,4085.49,3857.75,35.77,931.53,546.47,12739.29,2051.92,132.57,1276.06,30868.39
2018-04-08,2961.99,2692.57,1001.47,3634.44,102.86,3122.28,635.69,11111.79,2111.74,237.44,1691.35,29951.69
2018-04-09,5122.47,3259.37,2246.29,7739.52,1143.45,2864.15,789.37,24931.76,2540.38,399.99,4928.53,56398.15
2018-04-10,3273.98,3271.41,2535.51,3165.36,430.52,4385.94,871.68,10131.74,2951.34,288.96,1516.22,33235.63
2018-04-11,4196.6,4730.61,4113.45,5555.39,101.77,3036.97,1575.08,18738.25,3386.21,91.45,3155.15,49537.89
2018-04-12,4228.94,3420.04,1632.97,5293.26,150.71,5730.59,2058.36,12311.67,640.79,880.56,5262.08,42534.14
2018-04-13,4722.15,3622,2764.29,5127.81,492.97,3035.21,359.74,15031.97,911.63,187.11,1114.81,37878.05
2018-04-14,2028.91,4058.34,1600.43,1992.84,NA,3056.41,499.39,8832.07,1848.05,47.74,1847.53,26078.89
2018-04-15,5452.16,2789.85,2869.64,3171.36,372.58,6969.27,907.1,12396.58,30.13,388.65,2987.11,38865.64
2018-04-16,6671.95,3932.99,2443.46,7292.71,142.53,7222.74,754.47,17835.12,779.68,507.08,2652.87,50284.93
2018-04-17,2747.05,2738.19,5445.06,5364.7,586.96,3512.6,1623.09,22844.78,767.49,445.87,2976.34,49308.71
2018-04-18,3714.92,2787.41,2941.28,9237.64,69.77,6598.5,1636.77,14753.95,393.55,2121.86,2781.14,47441.9
2018-04-19,6382.35,4481.18,2141.53,6621.96,3613.6,5243.04,5802.79,13670.98,1365.81,247.48,3225.81,53250.84
2018-04-20,4399.65,7714.17,2642.28,2432.54,206.63,5539.3,994.14,9892.75,1449.59,15.77,1827.11,37289.09
2018-04-21,3137.59,2413.31,4182.3,1694.76,NA,3111.75,129.73,6596.31,488.47,621.27,994.49,23369.98
2018-04-22,3643.35,3450.15,2053.35,2904.1,65.87,4452.56,1018.51,13523.89,2958.78,64.22,902.69,35373.48
2018-04-23,6194.13,4602.49,5068.4,4534.11,160.41,6264.86,2714.7,12256.49,2738.55,280.14,2845.56,47700.06
2018-04-24,5721.45,8692.24,2334.31,5105.13,268.68,10094.01,1409.02,14436.11,921.03,625.5,4186.17,54045.62
2018-04-25,4920.39,5779.91,2946.47,5851.27,280.65,2634.24,2018.96,15219.03,4045.13,2088.34,3714.74,49940.49
2018-04-26,6227.37,7983.35,2466.64,2909.14,65.11,2955.12,1049.21,11947.26,766.36,174.9,4052.42,40625.66
2018-04-27,4202.08,5261.07,2410.94,3000.99,362.52,4838.06,4676.92,17884.25,1679.48,1509.65,2228.82,48357.8
2018-04-28,1466.63,6507.91,2116.49,1742.74,130.1,2087.29,3700.21,8853.33,178.87,265.02,2139.47,29773.45
2018-04-29,2707.93,4828.28,1256.62,1436.42,114.09,3642.88,935.12,7507.45,695.71,484.02,2216.11,26008.26
2018-04-30,6044.4,4868.39,3915.41,4392,464.09,5897.31,2643.93,12431.31,533.3,742.54,2476.28,44626.83
2018-05-01,4747.92,5860.68,3155.4,2484.8,283.85,2157.21,1247.3,12993.51,1580.83,199.41,4718.42,40311.27
2018-05-02,8354.46,8059.96,4001.76,6524.89,203.9,3360.74,2929.44,11460.92,963.39,NA,1412.23,47600.86
2018-05-03,4941.43,12363.12,2714.76,6719.07,338.19,4567.9,2159.89,11410.51,4056.78,335.32,3839.49,54400.58
2018-05-04,6589.51,9450.04,3278.17,3786.81,162.85,2556.19,882.13,16439.42,997.17,122.65,3785.5,48050.44
2018-05-05,5665.08,4165.34,2572.76,2416.71,752.07,3726.7,388.78,12794.4,474.53,109.72,1913.96,35190.69
2018-05-06,2815.39,5125.87,1963.27,1915.68,304.11,3121.01,528.59,13748.95,1911.22,251.31,2229.82,34146.05
2018-05-07,8170.04,10569.77,6058.49,6050.02,512.63,6833.43,2426.01,17808.69,2134.6,418.46,2707.6,63797.81
2018-05-08,8887.51,8611.72,2074.78,4749.52,842.72,5833.16,4868.9,13761.65,1034.21,843.53,5697.73,58459.38
2018-05-09,6851.69,7701.75,2684.2,5837.65,103.34,6918.65,338.93,16653.56,737.66,813.52,3900.03,53817.49
2018-05-10,8748.68,9016.15,3699.97,9059.84,371.8,3891.87,3767.5,15513.28,2355.92,1799.76,2128.93,60484.27
2018-05-11,6875.57,3938.88,5535.45,7831.1,137.74,5032.04,1202.67,9285.58,1720.68,128.15,2322.84,44224.02
2018-05-12,2802.81,7696.03,5523.2,4197.19,40.84,3290.37,605.49,11227.95,2179.37,729,918.75,39808.26
2018-05-13,2506.18,6256.58,4149.93,2843.36,605.52,3662.2,1604.49,10918.62,1980.7,808.52,2942.91,38603.58
2018-05-14,4264.76,8978.11,5905.8,6658.67,511.19,4474.06,6186.66,18803.71,5077.24,264.62,4166.01,65837.87
2018-05-15,4866.24,4918.41,1702.98,5759.84,421.24,11266.87,1119.66,19517.59,901.79,604.25,3971.81,56126.35
2018-05-16,8812.44,6027.6,4345.55,6635.12,317.71,8214.78,2524.57,25630.33,2421.93,NA,3816.39,68746.42
2018-05-17,5850.71,3209.09,3979.99,3077.41,197.76,5103.25,1902.8,9313.27,141.32,995.56,2012.85,36397.87
2018-05-18,3565.12,5026.73,2846.49,5630.09,193.91,3346.65,1351.02,14179.5,1073.41,564.87,1879.59,39718.16
2018-05-19,3824.35,2711.31,932.85,3360.2,235.02,1946.22,1552.42,14087.18,274.48,220.16,733.4,29877.59
2018-05-20,3234.53,2050.11,1593.43,3814.68,298.99,3201.9,951.74,8555.64,249.83,145.17,811.54,25101.88
2018-05-21,3113.4,4418.86,1325.58,5961.84,297.86,3960.03,307.69,9353.54,1446.73,NA,1945.31,33084.81
2018-05-22,4055.09,3219.84,1057.94,19658.73,194.32,5757.71,402.35,9968.22,289.85,125.67,1548.7,46345.15
2018-05-23,1579.4,642.99,3050.36,2277.06,161.97,3333.57,1188.53,7650.75,577.21,NA,1281.47,21948.12
2018-05-24,1888.63,1684.13,5666.56,294.32,104.04,3253.64,1889.86,6020.14,NA,125.67,1478.59,22405.58
2018-05-25,809.19,2009.88,2579.08,3679.16,378.38,3442.23,891.44,4689,101.51,117.94,342.83,19189.59
2018-05-26,3093.54,1509.42,2492.12,2794.72,NA,1389.62,357.68,6933.6,131.12,NA,480.75,19222.96
2018-05-27,663.95,2109.45,1583.51,1109.4,NA,1220.64,761.9,6803.85,162.62,84.76,765.23,15418.2
2018-05-28,3997.6,2529.71,2057.19,3841.07,NA,1812.69,364.04,17015.81,827.92,NA,1566.3,34136.78
2018-05-29,6627.85,3469.34,2438.63,3926.46,NA,4082.73,1666.56,6267.94,447.94,NA,2550.31,31477.76
2018-05-30,2624.3,1622.87,898.81,2236.37,77.68,2073.5,115.72,9573.52,731.69,716.61,1967.39,22638.46
2018-05-31,5718.55,13622.6,1088.01,1496.27,NA,1674.98,1007.29,6745.53,319.86,380.3,1267.22,33320.61
2018-06-01,4199.24,3823.45,1928.26,3751.43,36.96,2445.64,464.65,15814.72,929.08,6485.68,1537.14,41416.25
2018-06-02,4053.9,5774.01,2053.8,488.6,NA,2764.94,196.81,11201.04,2312.81,121.39,1024.74,29992.04
2018-06-03,6045.57,3860.16,3542.16,2085.95,35.77,1962.57,605.67,13146.53,950.06,261.18,2542.9,35222.1
2018-06-04,7393.21,3112.42,1321.01,3883.43,449.16,3886.86,580.56,12358.8,1408.01,342.72,1037.99,36045.62
2018-06-05,5823.4,889.88,1519.6,6542.68,40.69,3914.08,1384.71,16991.79,146.38,906.67,1744.9,39982.77
2018-06-06,5139.22,4232.31,1995.32,3384.12,126.94,3150.81,1060.9,11786.15,287.15,264.22,1835.82,33977.17
2018-06-07,8656.6,4328.36,1949.67,8373.21,135.78,3168.8,1651.97,11546.77,1550.33,2143.28,1910.43,45415.2
2018-06-08,7874.7,5015.01,1694.71,3268.52,202.74,2018.82,707.9,10901.71,902.92,NA,911.26,33498.29
2018-06-09,4464.67,1811.47,2048.79,7486.58,247.18,1852.74,916.7,15596.29,2126.36,316.2,600.48,37768.19
2018-06-10,5404.6,4070.03,1331.48,1574.66,328.64,1238.38,281.93,15687.46,76.28,226.84,955.18,31240.7
2018-06-11,10954.27,6363.28,7710.25,8469.94,483.74,7286.21,892.34,15322.12,241.8,466.09,1795.95,60141.62
2018-06-12,5603.23,4556.12,2352.56,9874,392.29,4937.24,1538.27,14510.58,2486.28,499.96,1965.01,48715.54
2018-06-13,8894.25,6908.42,2169.23,3221.85,188.83,3986.52,1143.64,12191.97,868.24,147.59,3920.05,43905.43
2018-06-14,6741.16,4330.82,2950.56,2112.81,NA,3070.13,482.53,12304.94,465.66,380.36,2331.72,35218.41
2018-06-15,6352.3,1713.71,3168.35,1980.29,NA,3754.9,702.33,12348.07,1415.45,244.02,1183.05,32900.41
2018-06-16,3117.91,6144.11,1262.01,2382.85,65.92,2219.23,456.28,11174.51,949.17,NA,2405.56,30177.55
2018-06-17,2318.28,3683.3,3099.1,2072.77,298.28,1814,287,6884.19,442.28,NA,1368.98,22268.18
2018-06-18,8126.53,5974.71,2681.91,3061.42,69.2,4143.87,360.77,14381.68,331.01,140.62,2438.74,41710.46
2018-06-19,5652.48,4439.59,2411.31,5015.78,131.04,3686.67,936.91,15834.03,437.06,NA,2311,41308.72
2018-06-20,4540.39,3402.45,2106.81,6366.04,130.29,2525.95,1092.07,13293.68,589,405.31,1456.07,35908.06
2018-06-21,5111.67,4906.23,2592.68,5239.15,269.05,2637.47,215.12,10837.83,80.49,NA,2466.06,34355.75
2018-06-22,3474.07,2946.59,1036.84,8466.72,20.31,1708.7,514.71,7240.34,627.51,708.83,2397.13,29341.96
2018-06-23,4090.26,1767.31,1612,1672.46,54.44,2330.88,365.72,7939.66,1628.81,199.97,1206.64,23046.27
2018-06-24,4820.5,2549.65,2420.49,2056.45,295.54,1974.29,351.05,12745.47,1394.53,993.33,1565.92,31167.22
2018-06-25,3316.23,5132.49,5021.15,6286.59,35.84,3625.38,2524.78,10949.4,2684.09,469.79,3166.62,43340.46
2018-06-26,4418.13,4763.24,2988.06,4011.41,46.2,3955.46,2711.52,16229.19,331.21,905.77,2013.37,42422.07
2018-06-27,5409.32,2812.79,1593.36,2265.15,98.01,4455.47,2392.03,10471.08,1467.8,705.35,1486.38,33571.71
2018-06-28,7321.31,4602.02,2142.42,3645.45,NA,4737.22,258.16,14931.9,843.86,772.6,2958.86,42213.8
2018-06-29,2260.83,2564.85,2446.61,2447.29,168.83,4608.86,388.15,8730.47,275.7,NA,1796.43,25751.74
2018-06-30,1559.61,717.33,1084.49,2042.03,48.83,1641.12,1236.72,9595.42,51.44,338.88,1881.54,20197.41
2018-07-01,1058.87,6891.36,2333.55,3460.13,NA,2647.94,1180.8,8572.73,2181.99,515.08,2188.1,31030.55
2018-07-02,3190.3,2959.56,1929.1,3292.28,194.87,3879.6,1096.75,7394.95,1775.24,2844.96,1442.36,30022.16
2018-07-03,5900.99,2121.54,1853.32,3592.99,153.47,4476.24,388.22,9196.19,1179.79,193.19,3860.04,32931.77
2018-07-04,7609.25,3598.42,1759.53,5517.42,236.5,2183.34,1380.35,16837.04,753.72,1759.69,2173.94,44181.38
2018-07-05,5149.56,3606.14,952.14,3496.32,220.03,2810.66,2406.14,15218.62,630.48,75.99,2358.13,37080.06
2018-07-06,3056,1820.71,2413.23,844.21,NA,2204.2,937.05,6068.7,NA,3406.47,2487.15,23237.72
2018-07-07,1827.54,936.02,669.47,777.8,NA,2020.61,220.59,4657.47,NA,NA,818.79,11928.29
2018-07-08,2931.81,2364.44,1896.4,1751.87,117.88,1642.73,1414.41,4259.07,174.64,NA,2398.16,18951.41
2018-07-09,3451.79,3011.01,1988.67,1641.56,35.84,1674.53,70.89,8571.63,NA,NA,2133.73,23551.37
2018-07-10,3419.68,3257.02,1231.73,2130.71,NA,1399.81,2571.86,5489.26,2842.3,737.28,792.8,24320.13
2018-07-11,2575.45,3522.63,1983.43,2459.85,35.84,1666.95,NA,8159.02,2553.79,258.06,466.64,23703.85
2018-07-12,1597.85,6459.82,1247.15,1664.31,70.43,2707.07,479.53,7698.27,226.98,99.65,853,25763.05
2018-07-13,8799.13,5255.41,231.91,3800.23,358.12,2733.56,594.72,10934.49,171.83,444.16,1884.82,35389.66
2018-07-14,3586.21,4173.67,2688.24,3229.04,332.01,1410.13,659.03,7239.64,744.86,144.88,2626.63,26834.34
2018-07-15,9129.53,4339.52,1305.36,10867.75,392.6,1277.13,270.86,6029.44,329.26,596.27,442.2,35259.17
2018-07-16,7929.9,5023.6,2127.2,3820.81,184.13,3825.67,779.92,10938.24,91.54,591.38,2312.14,37859.65
2018-07-17,6666.25,5287.28,4896.53,3331.44,186.19,1436.84,734.11,10589.14,368.59,176.08,1725.31,35576.93
2018-07-18,8287,4415.84,2813.79,4865.46,317.22,6555.32,2053.47,14126.81,554.01,2389.8,2572.71,51316.95
2018-07-19,5863.92,3626.81,1982.8,5324.29,614.2,6596.25,323.75,18353.91,428.75,1443.93,1903.24,46556.5
2018-07-20,4222.68,5419.52,3683.39,5430.9,543,6011.58,2851.47,7649.73,404.48,303.18,3116.38,39946.13
2018-07-21,4763.01,3561.14,2678.49,3760.82,188.61,3050.19,837.42,6382.83,44.58,NA,1927.07,27194.16
2018-07-22,1890.78,4920.74,1952.82,3201.54,292.99,1949.83,439.19,18299.02,818.64,316.17,2683.47,36896.85
2018-07-23,5958.24,4008.12,3185.15,4640.22,NA,6813.99,2906.01,18902.95,1114.63,137.03,4936.35,53185.86
2018-07-24,8200.6,3727.12,8053.44,2358.16,497.05,5118.52,2161.94,15170.31,1124.12,844.13,2537.3,50579.55
2018-07-25,6357.43,4249.98,3130.17,11054.68,285.78,4267.3,3146.06,15347.85,412.66,199.79,2568.59,51570.4
2018-07-26,6193.21,7406.11,2007.24,5614.76,347.42,3228.47,1226.63,11481.25,1179.8,414.1,2935.34,42168.48
2018-07-27,3949.15,2496.38,2381.26,6535.25,340.27,6437.51,141.79,11849.54,240.38,65.04,1901.5,36510.42
2018-07-28,5516.95,5154.56,1197.39,4270.05,111.7,2954.55,1409.75,9265.4,37.26,921.32,1314.67,32801.55
2018-07-29,3414.22,2810.67,2657.85,2142.86,493.23,4644.21,316.55,12738.62,298.71,1345.16,4816.05,35905.51
2018-07-30,6991.59,3246.7,2873.07,6248.85,469.84,2615.08,NA,20702.48,210.06,80.92,3201.82,47165.03
2018-07-31,5135.79,5647.93,2550.45,10044.27,634.84,6455.5,1427.84,17927.63,928.76,666.19,2262.12,56004.25
2018-08-01,7737,7361.05,2824.29,8170.92,184,5809.91,1797.68,14123.51,264.06,60.36,2972.36,51787.37
2018-08-02,8959.26,3714.45,2856.15,8040.52,226.89,6862.46,609.42,13451.23,888.76,1692.62,1856.13,49393.42
2018-08-03,9643.27,5944.8,2871.82,4711.74,274.62,5522.03,1222.85,14258.29,5916.82,NA,2885.55,53251.79
2018-08-04,5375.84,3782.37,2164.02,5375.45,418.25,2727.94,716.12,18989.32,636.34,1978.18,2129.76,44293.59
2018-08-05,7996.09,4492.82,4598.93,4590.72,1205.88,2582.46,624.18,16781.85,207.1,286.34,2412.79,46106.63
2018-08-06,10277.6,7129,8610.06,9147.35,1683.77,7031.52,4765.03,22317.95,1294.38,992.15,2354.1,76855.63
2018-08-07,10884.7,5418.22,3919.01,9250.05,528.67,3707.91,851.14,22950.92,1710.01,254.49,2467.02,62198.63
2018-08-08,5201.86,6288.86,3764.16,8109.14,407.36,4631.02,3941.93,18574.69,459.31,174.9,1460.78,53055.19
2018-08-09,8864.12,4692.68,2781.89,6316.96,512.96,4451.22,1841.23,15970.16,340.24,323.9,3694.39,50039.55
2018-08-10,4729.15,3596.7,3266.71,6511.13,405.57,3951.03,519.14,13086.73,778.68,662.79,3205.86,41018.62
2018-08-11,4997.89,4813.68,3034.09,4597.35,106.16,2520.33,831.25,9243.18,680.1,NA,1600.63,33217.11
2018-08-12,8429.87,5452.54,10354.01,4819.68,419.3,3192.06,1118.66,9982.59,495.48,305.96,1323.34,46027.42
2018-08-13,7425.29,5654.55,2470.86,3978.26,344.2,6781.74,646.48,18129.18,575.9,327.57,3110.6,49583.58
2018-08-14,5719.87,4861.28,3481.31,7245.14,686.11,6364.02,935.81,20875.63,1210.23,207.75,2470.86,54109.21
2018-08-15,6921.28,4737.51,4280.98,5858.92,818.33,4504.4,1024.67,15282.74,608.11,183.12,9688.83,53977.81
2018-08-16,7234.48,6266.6,2637.46,4604.81,481.74,3535.16,546.18,15480.27,437.04,386.3,3576.7,45334.02
2018-08-17,7252.52,2422.77,1939.84,4490.74,917.15,2265.07,3258.38,15842.12,181.33,115.51,1821.01,41038.4
2018-08-18,4814.61,3231.56,1602.86,3484.65,267.31,1950.38,959.2,9813.43,1139.4,42.17,1632.84,29196.63
2018-08-19,6887.1,936.79,3468.44,1875.75,554.66,3092.14,493.52,12435.18,317.71,58.55,1195.52,31464.86
2018-08-20,7345.66,2979.84,3902.45,4705.35,814.63,3777.45,778.34,14193.05,542.23,2067.21,1141.67,42679.46
2018-08-21,6917.82,2515.35,2023.13,5055.7,374.86,1820.65,417.32,9509.28,151.19,366.92,3436.63,32857.59
2018-08-22,4860.16,3236.48,2002.76,2610.75,317.3,932.11,536.76,10005.44,289.48,170.14,973.88,25955.64
2018-08-23,4661.01,1831.12,4606.13,1616.8,549.65,859.45,154.25,5467.34,291.54,NA,1436.65,21473.94
2018-08-24,1839.74,1970.78,1175.81,1042.88,667.11,1224.38,NA,4414.19,334.14,202.44,490.17,13361.64
2018-08-25,3152.57,431.2,2812.9,548.44,94.66,527.05,246.96,3984.03,NA,459.34,199.52,12456.67
2018-08-26,3646.93,369.68,803.95,1032.67,210.18,410.8,NA,2054.62,52.42,235.71,842.21,9726.75
2018-08-27,802.08,138.49,288.87,188.42,266.17,NA,180.99,2809.6,33.34,NA,1001.66,6292.59
2018-08-28,534.26,181.69,167.36,396.11,189.32,928.49,98.04,1583.57,22.29,NA,159.53,4260.66
2018-08-29,632.75,285.2,NA,93.75,119.42,510.96,NA,106.33,NA,NA,14.29,1762.7
2018-09-03,NA,NA,NA,NA,NA,166.46,NA,NA,NA,NA,NA,166.46
